word,example,translation,example_translation,status,correct_count,incorrect_count,date_added,last_studied,user_email,user_name
feststehen,"Es steht fest, dass wir uns am Freitag treffen.","Быть решённым, быть установленным","Решено, что мы встретимся в пятницу.",studying,0,0,2025-09-09T07:11:10.333Z,,root,Root User
besitzen,Unsere Nachbarn besitzen einen großen Hund.,"Владеть, обладать",Наши соседи владеют большой собакой.,studying,0,0,2025-09-09T07:11:10.333Z,,root,Root User
auffallen,"Mir ist aufgefallen, dass er heute sehr müde aussieht.","Замечать, бросаться в глаза","Я заметил, что сегодня он выглядит очень уставшим.",studying,1,0,2025-09-09T07:11:10.333Z,2025-09-09T15:39:12.152Z,root,Root User
beitragen,Dieses Buch trägt zur Forschung bei.,"Вносить вклад, способствовать",Эта книга вносит вклад в исследование.,studying,0,0,2025-09-09T07:11:10.333Z,,root,Root User
eintragen,Du musst dich in die Liste eintragen.,"Вносить, вписывать",Ты должен вписаться в список.,studying,0,0,2025-09-09T07:11:10.333Z,,root,Root User
entstehen,Wie ist dieses Problem entstanden?,"Возникать, появляться",Как возникла эта проблема?,studying,0,0,2025-09-09T07:11:10.333Z,,root,Root User
erziehen,Man muss die Kinder zu Respekt erziehen.,Воспитывать,Нужно вос��итывать в детях уважение.,studying,0,0,2025-09-09T07:11:10.333Z,,root,Root User
einblenden,Der Nachrichtensprecher wird gleich eine Grafik einblenden.,"Вставлять (на экран), включать",Диктор новостей сейчас покажет график.,studying,0,0,2025-09-09T07:11:10.333Z,,root,Root User
einreiben,Reib die Salbe auf die betroffene Stelle ein.,Втирать,Вотри мазь в поражённое место.,studying,0,0,2025-09-09T07:11:10.333Z,,root,Root User
betreten,Der Hund darf das Haus nicht betreten.,"Входить, ступать",Собаке нельзя входить в дом.,studying,0,0,2025-09-09T07:11:10.333Z,,root,Root User
ausladen,"Kannst du mir helfen, die Einkäufe auszuladen?","Выгружать, разгружать",Ты можешь помочь мне разгрузить покупки?,studying,0,0,2025-09-09T07:11:10.333Z,,root,Root User
festhalten,"Ich halte mich am Geländer fest, damit ich nicht falle.","Удерживать, держаться","Я держусь за перила, чтобы не упасть.",studying,0,0,2025-09-09T07:11:10.333Z,,root,Root User
beweisen,"Er hat bewiesen, dass er ein guter Koch ist.",Доказывать,"Он доказал, что он хороший повар.",studying,0,0,2025-09-09T07:11:10.333Z,,root,Root User
die Leistung,Wir sind mit der Leistung des Motors sehr zufrieden.,"Мощность, производительность",Мы очень довольны мощностью двигателя.,studying,0,0,2025-09-09T07:11:10.333Z,,root,Root User
sich verlaufen,Wir haben uns im Wald verlaufen.,Заблудиться,Мы заблудились в лесу.,studying,0,0,2025-09-09T07:11:10.333Z,,root,Root User
aufhalten,Ein Schneesturm hielt den Verkehr auf.,Задерживать,Снежная буря задержала движение.,studying,0,0,2025-09-09T07:11:10.333Z,,root,Root User
erfinden,Kinder erfinden gerne Geschichten.,Изобретать,Дети любят придумывать истории.,studying,0,0,2025-09-09T07:11:10.333Z,,root,Root User
ablaufen,Der Pass ist abgelaufen.,"Истекать (о сроке), протекать",Срок действия паспорта истёк.,studying,0,0,2025-09-09T07:11:10.333Z,,root,Root User
betreffen,Die neue Regelung betrifft alle Mitarbeiter.,"Касаться, относиться",Новое правило касается всех сотрудников.,studying,0,0,2025-09-09T07:11:10.333Z,,root,Root User
genießen,Ich sitze im Garten und genieße die Ruhe.,Наслаждаться,Я сижу в саду и наслаждаюсь тишиной.,studying,0,0,2025-09-09T07:11:10.333Z,,root,Root User
einstellen,Die Fabrik wird die Produktion einstellen.,"Прекращать, настраивать",Фабрика прекратит производство.,studying,0,0,2025-09-09T07:11:10.333Z,,root,Root User
anfangen,Der Film fängt in fünf Minuten an.,Начинать(ся),Фильм начинается через пять минут.,studying,0,0,2025-09-09T07:11:10.333Z,,root,Root User
ansprechen,Ich werde ihn morgen darauf ansprechen.,"Заговаривать, обращаться",Я поговорю с ним об этом завтра.,studying,0,0,2025-09-09T07:11:10.333Z,,root,Root User
besprechen,Wir müssen das Thema im Meeting besprechen.,Обсуждать,Мы должны обсудить эту тему на совещании.,studying,0,0,2025-09-09T07:11:10.333Z,,root,Root User
die Gefahren,Man muss sich vor den Gefahren des Internets schützen.,Опасности,Нужно защищаться от опасностей интернета.,studying,0,0,2025-09-09T07:11:10.333Z,,root,Root User
anhalten,"Die Regierung hat angehalten, sparsam mit Wasser umzugehen.","Призывать, останавливать(ся)",Правительство призвало экономно расходовать воду.,studying,0,0,2025-09-09T07:11:10.333Z,,root,Root User
aufschließen,Hast du den Schrank aufgeschlossen?,Открывать (ключом),Ты открыл шкаф?,studying,0,0,2025-09-09T07:11:10.333Z,,root,Root User
aufschlagen,"Ich habe mein Knie aufgeschlagen, als ich gestürzt bin.","Открывать (книгу), расшибать","Я разбил колено, когда упал.",studying,0,0,2025-09-09T07:11:10.333Z,,root,Root User
aushalten,"Er musste aushalten, dass man über ihn lachte.","Выдерживать, терпеть","Ему пришлось терпеть, что над ним смеялись.",studying,1,0,2025-09-09T07:11:10.333Z,2025-09-09T07:14:26.954Z,root,Root User
brennen,Die Kerze brennt bis zum Ende.,Гореть,Свеча горит до конца.,review_7,0,0,2025-09-09T07:11:10.333Z,,root,Root User
begraben,Sie haben den Hund im Garten begraben.,"Закапывать, хоронить",Они похоронили собаку в саду.,studying,1,0,2025-09-09T07:11:10.333Z,2025-09-09T15:39:33.611Z,root,Root User
ausfallen,Der Zug ist wegen eines technischen Defekts ausgefallen.,"Отменяться, выпадать",Поезд был отменён из-за технич��ской неисправности.,studying,0,0,2025-09-09T07:11:10.333Z,,root,Root User
sich beziehen,Mein Brief bezieht sich auf unser letztes Gespräch.,"Относиться, ссылаться",Моё письмо относится к нашему последнему разговору.,studying,0,0,2025-09-09T07:11:10.333Z,,root,Root User
die Beziehung,Die Beziehung zwischen den Ländern hat sich verbessert.,"Отношение, связь",Отношения между странами улучшились.,studying,0,0,2025-09-09T07:11:10.333Z,,root,Root User
biegen,"Das Schild sagt, dass wir hier rechts biegen müssen.","Поворачивать, сгибать","Табличка гласит, что мы должны здесь повернуть направо.",studying,0,0,2025-09-09T07:11:10.333Z,,root,Root User
ansteigen,Die Temperatur wird morgen stark ansteigen.,"Повышаться, расти",Завтра температура сильно поднимется.,studying,0,0,2025-09-09T07:11:10.333Z,,root,Root User
erhalten,Er erhält ein hohes Gehalt für seine Arbeit.,Получать,Он получает высокую зарплату за свою работу.,studying,0,0,2025-09-09T07:11:10.333Z,,root,Root User
(sich) ergeben,Aus der Rechnung ergab sich ein Fehler.,"Вытекать, следовать (из чего-то)",Из счёта следовала ошибка.,studying,0,0,2025-09-09T07:11:10.333Z,,root,Root User
begreifen,"Er konnte nicht begreifen, wie die Magie funktionierte.","Понимать, осознавать","Он не мог понять, как работает магия.",studying,0,0,2025-09-09T07:11:10.333Z,,root,Root User
begreifen,"Es ist schwer, dieses Konzept zu begreifen.",Понимать,Это понятие сложно понять.,studying,0,0,2025-09-09T07:11:10.333Z,,root,Root User
eintreffen,Die Gäste werden gegen 18 Uhr eintreffen.,Прибывать,Гости прибудут около 18:00.,studying,0,0,2025-09-09T07:11:10.333Z,,root,Root User
sich ausdenken,Ich denke mir eine neue Geschichte aus.,Придумывать,Я придумываю новую историю.,studying,0,0,2025-09-09T07:11:10.333Z,,root,Root User
anwenden,Man sollte diese Salbe zweimal täglich anwenden.,Применять,Эту мазь следует применять дважды в день.,studying,0,0,2025-09-09T07:11:10.333Z,,root,Root User
annehmen,"Wir nehmen an, dass das Projekt erfolgreich sein wird.","Принимать, предполагать","Мы предполагаем, что проект будет успешным.",studying,0,0,2025-09-09T07:11:10.333Z,,root,Root User
einfallen,Mir ist nichts mehr dazu eingefallen.,Приходить на ум,Мне больше ничего не пришло в голову по этому поводу.,studying,0,0,2025-09-09T07:11:10.333Z,,root,Root User
erschrecken,"Ich erschrecke, wenn jemand hinter mir steht.","Пугаться, испугаться","Я пугаюсь, когда кто-то стоит сзади.",studying,0,0,2025-09-09T07:11:10.333Z,,root,Root User
beschließen,Die Regierung hat ein neues Gesetz beschlossen.,"Принимать решение, постановлять",Правительство приняло новый закон.,studying,0,0,2025-09-09T07:11:10.333Z,,root,Root User
entscheiden,Er musste sich zwischen zwei Jobs entscheiden.,"Решать, принимать решение",Ему пришлось выбирать между двумя работами.,studying,0,0,2025-09-09T07:11:10.333Z,,root,Root User
die Entscheidung,Das war eine falsche Entscheidung.,Решение,Это было неправильное решение.,studying,0,0,2025-09-09T07:11:10.333Z,,root,Root User
bindenden,Eine mündliche Zusage ist nicht bindend.,"Обязательный, обязывающий",Устное обещание не является обязательным.,studying,0,0,2025-09-09T07:11:10.333Z,,root,Root User
das Ereignis,Die Hochzeit war ein sehr schönes Ereignis.,Событие,Свадьба была очень красивым событием.,studying,0,0,2025-09-09T07:11:10.333Z,,root,Root User
die Vereinbarung,Wir haben eine mündliche Vereinbarung getroffen.,"Соглашение, договоренность",Мы достигли устной договоренности.,studying,0,0,2025-09-09T07:11:10.333Z,,root,Root User
empfangen,Sie hat die Gäste herzlich empfangen.,"Принимать, встречать",Она радушно встретила гостей.,studying,1,0,2025-09-09T07:11:10.333Z,2025-09-09T07:13:49.765Z,root,Root User
befehlen,"Der General befahl den Soldaten, vorzurücken.",Приказывать,Генерал приказал солдатам наступать.,studying,1,0,2025-09-09T07:11:10.333Z,2025-09-09T07:14:01.262Z,root,Root User
geschehen,Es ist ein Unglück geschehen.,"Происходить, случаться",Произошло несчастье.,studying,1,0,2025-09-09T07:11:10.333Z,2025-09-09T15:37:25.945Z,root,Root User
aufgeben,Wir haben unsere Bestellung im Restaurant aufgegeben.,"Отказываться, сдаваться, заказывать",Мы сделали заказ в ресторане.,studying,0,1,2025-09-09T07:11:10.333Z,2025-09-09T15:39:02.155Z,root,Root User
schaffen,Er schaffte die Prüfung ohne große Mühe.,"Создавать, справляться",Он сдал экзамен без особых усилий.,studying,1,0,2025-09-09T07:11:10.333Z,2025-09-09T15:39:21.479Z,root,Root User
verzeihen,"Bitte verzeih mir, ich wollte das nicht.",Прощать,"Пожалуйста, прости меня, я не хотел этого.",studying,1,0,2025-09-09T07:11:10.333Z,2025-09-09T15:39:26.196Z,root,Root User
betragen,Die Kosten betragen 100 Euro.,Составлять,Стоимость составляет 100 евро.,studying,0,0,2025-09-09T07:11:10.333Z,,root,Root User
behalten,Du kannst das Buch behalten.,"Сохранять, оставлять у себя",Ты можешь оставить книгу себе.,studying,0,0,2025-09-09T07:11:10.333Z,,root,Root User
ertrinken,Die kleine Katze wäre fast im Bach ertrunken.,Тонуть,Маленький котёнок чуть не утонул в ручье.,studying,0,0,2025-09-09T07:11:10.333Z,,root,Root User
ziehen,Er zog die Tür hinter sich zu.,Тянуть,Он закрыл дверь за собой.,studying,0,0,2025-09-09T07:11:10.333Z,,root,Root User
erfahre,"Er erfuhr, dass sein Freund verreist ist.","Узнавать, получать сведения","Он узнал, что его друг уехал.",studying,0,0,2025-09-09T07:11:10.333Z,,root,Root User
empfinden,"Ich empfinde große Freude, wenn ich Musik höre.","Ощущать, чувствовать","Я испытываю большую радость, когда слушаю музыку.",studying,0,0,2025-09-09T07:11:10.333Z,,root,Root User
nachgeben,Er konnte dem Druck nicht länger nachgeben.,"уступать, поддаваться",Он больше не мог поддаваться давлению.,studying,0,0,2025-09-09T07:11:10.333Z,,root,Root User
mitschreiben,Bitte schreiben Sie alles Wichtige mit.,записывать (следом),"Пожалуйста, запишите всё важное.",studying,0,0,2025-09-09T07:11:10.333Z,,root,Root User
heranbilden,Er will sich als Ingenieur heranbilden.,"формировать, обучать",Он хочет обучиться на инженера.,studying,0,0,2025-09-09T07:11:10.333Z,,root,Root User
messen,Wir müssen die Länge des Raumes messen.,измерять,Мы должны измерить длину комнаты.,studying,0,0,2025-09-09T07:11:10.333Z,,root,Root User
greifen,Sie griff nach seiner Hand.,"хватать, браться за что-то",Она схватила его за руку.,studying,0,0,2025-09-09T07:11:10.333Z,,root,Root User
gießen,Könntest du bitte die Blumen gießen?,"поливать, лить","Ты мог бы, пожалуйста, полить цветы?",studying,0,0,2025-09-09T07:11:10.333Z,,root,Root User
sich gleichen,Die beiden Brüder gleichen sich sehr.,быть похожим,Оба брата очень похожи друг на друга.,studying,0,0,2025-09-09T07:11:10.333Z,,root,Root User
hervorheben,Er wollte die Bedeutung dieses Punktes hervorheben.,"выделять, подчеркивать",Он хотел подчеркнуть важность этого пункта.,studying,0,0,2025-09-09T07:11:10.333Z,,root,Root User
herunterkommen,Das Haus ist ganz heruntergekommen.,"спускаться, приходить в упадок",Дом совсем пришёл в упадок.,studying,0,0,2025-09-09T07:11:10.333Z,,root,Root User
hinuntersehen,Er sah aus dem Fenster hinunter.,смотреть вниз,Он смотрел вниз из окна.,studying,0,0,2025-09-09T07:11:10.333Z,,root,Root User
halten,Kannst du mal kurz meine Tasche halten?,"держать, останавливать",Можешь подержать мою сумку?,studying,0,0,2025-09-09T07:11:10.333Z,,root,Root User
herunterladen,Ich muss die Software herunterladen.,"скачивать, загружать",Мне нужно скачать это программное обеспечение.,studying,0,0,2025-09-09T07:11:10.333Z,,root,Root User
leihen,Kannst du mir dein Fahrrad leihen?,одалживать (у кого-то),Можешь одолжить мне свой велосипед?,studying,0,0,2025-09-09T07:11:10.333Z,,root,Root User
missfallen,Die Idee missfällt mir.,"не нравиться, вызывать неудовольствие",Эта идея мне не нравится.,studying,0,0,2025-09-09T07:11:10.333Z,,root,Root User
nachgehen,Ich muss der Sache auf den Grund nachgehen.,"следовать, расследовать",Мне нужно разобраться в этом деле до конца.,studying,0,0,2025-09-09T07:11:10.333Z,,root,Root User
hinbekommen,"Ich hoffe, ich kann das noch hinbekommen.","справиться, получить","Надеюсь, я смогу это ещё сделать.",studying,0,0,2025-09-09T07:11:10.333Z,,root,Root User
freihalten,Bitte halten Sie den Parkplatz frei.,держать свободным,"Пожалуйста, держите парковку свободной.",studying,0,0,2025-09-09T07:11:10.333Z,,root,Root User
das Vergnügen,"Es ist ein Vergnügen, mit dir zu arbeiten.",Удовольствие,Работать с тобой — одно удовольствие.,studying,1,0,2025-09-09T07:11:10.333Z,2025-09-09T07:14:29.431Z,root,Root User
gelingen,"Es ist ihm gelungen, das schwierige Problem zu lösen.",Удаваться,Ему удалось решить сложную проблему.,studying,0,1,2025-09-09T07:11:10.333Z,2025-09-09T15:37:51.094Z,root,Root User
festhalten,"Halt dich gut fest, sonst fällst du!","держаться, удерживать","Держись крепко, иначе упадёшь!",studying,0,1,2025-09-09T07:11:10.333Z,2025-09-09T15:37:58.234Z,root,Root User
genießen,Wir sollten das Leben in vollen Zügen genießen.,наслаждаться,Нам следует наслаждаться жизнью в полной мере.,studying,1,0,2025-09-09T07:11:10.333Z,2025-09-09T15:38:09.576Z,root,Root User
lügen,Er hat mich angelogen.,"лгать, обманывать",Он обманул меня.,studying,1,0,2025-09-09T07:11:10.333Z,2025-09-09T15:38:58.047Z,root,Root User
fressen,Die Katze frisst ihr Futter.,жрать (о животных),Кошка ест свой корм.,studying,1,0,2025-09-09T07:11:10.333Z,2025-09-09T15:39:47.712Z,root,Root User
klingen,Das klingt gut!,звучать,Звучит хорошо!,studying,0,0,2025-09-09T07:11:10.333Z,,root,Root User
misslingen,Der Versuch ist leider misslungen.,не удаваться,"Попытка, к сожалению, не удалась.",studying,0,0,2025-09-09T07:11:10.333Z,,root,Root User
hinfallen,Er ist auf dem Eis hingefallen.,падать,Он упал на льду.,studying,0,0,2025-09-09T07:11:10.333Z,,root,Root User
gestehen,Er musste seine Schuld gestehen.,признаваться,Он должен был признать свою вину.,studying,0,0,2025-09-09T07:11:10.333Z,,root,Root User
hereinkommen,Bitte kommen Sie herein!,входить,"Пожалуйста, входите!",studying,0,0,2025-09-09T07:11:10.333Z,,root,Root User
hochgehen,Die Preise sind stark hochgegangen.,"подниматься, взрываться",Цены сильно поднялись.,studying,0,0,2025-09-09T07:11:10.333Z,,root,Root User
hinweisen,Er wies auf einen Fehler in der Rechnung hin.,указывать,Он указал на ошибку в счёте.,studying,0,0,2025-09-09T07:11:10.333Z,,root,Root User
hinbekommen,Ich werde es schon hinbekommen.,"справиться, получить",Я с этим справлюсь.,studying,0,0,2025-09-09T07:11:10.333Z,,root,Root User
hervorheben,Der Architekt wollte die historische Bedeutung des Gebäudes hervorheben.,"выделять, подчеркивать",Архитектор хотел подчеркнуть историческое значение здания.,studying,0,0,2025-09-09T07:11:10.333Z,,root,Root User
hineinrufen,Er rief in den Wald hinein.,"кричать внутрь, окликать",Он крикнул в лес.,studying,0,0,2025-09-09T07:11:10.333Z,,root,Root User
geschehen,Was ist geschehen?,"происходить, случаться",Что случилось?,studying,0,0,2025-09-09T07:11:10.333Z,,root,Root User
gelten,Das Gesetz gilt für alle Bürger.,"действовать, быть действительным",Закон действует для всех граждан.,studying,0,0,2025-09-09T07:11:10.333Z,,root,Root User
hinbekommen,"Ich hoffe, ich kann das noch hinbekommen.","справиться, получить","Надеюсь, я ещё смогу это сделать.",studying,0,0,2025-09-09T07:11:10.333Z,,root,Root User
hinkommen,Wie komme ich am besten zum Bahnhof hin?,добираться,Как мне лучше всего добраться до вокзала?,studying,0,0,2025-09-09T07:11:10.333Z,,root,Root User
hereinbitten,Sie bat ihn herein.,просить войти,Она попросила его войти.,studying,0,0,2025-09-09T07:11:10.333Z,,root,Root User
hängen,Das Bild hängt an der Wand.,висеть,Картина висит на стене.,studying,0,0,2025-09-09T07:11:10.333Z,,root,Root User
hinausgehen,Gehen Sie hinaus und genießen Sie die Sonne!,выходить наружу,Выходите на улицу и наслаждайтесь солнцем!,studying,0,0,2025-09-09T07:11:10.333Z,,root,Root User
klingen,Seine Stimme klang müde.,звучать,Его голос звучал устало.,studying,0,0,2025-09-09T07:11:10.333Z,,root,Root User
mitsprechen,Jeder sollte bei der Diskussion mitsprechen dürfen.,участвовать в разговоре,Каждый должен иметь право высказаться в дискуссии.,studying,0,0,2025-09-09T07:11:10.333Z,,root,Root User
leien,Er hat mir sein Buch geliehen.,одалживать (кому-то),Он одолжил мне свою книгу.,studying,0,0,2025-09-09T07:11:10.333Z,,root,Root User
verschwinden,Mein Schlüssel ist spurlos verschwunden.,Исчезать,Мой ключ бесследно исчез.,studying,1,0,2025-09-09T07:11:10.333Z,2025-09-09T07:13:22.698Z,root,Root User
aufschieben,Er hat die Bezahlung der Rechnung immer wieder aufgeschoben.,Откладывать,Он снова и снова откладывал оплату счета.,studying,1,0,2025-09-09T07:11:10.333Z,2025-09-09T07:13:32.617Z,root,Root User
fliehen,Der Dieb konnte fliehen.,"убегать, бежать",Вор смог убежать.,studying,1,0,2025-09-09T07:11:10.333Z,2025-09-09T15:38:06.874Z,root,Root User
fortfahren,Bitte fahren Sie mit Ihrer Arbeit fort.,продолжать,"Пожалуйста, продолжайте свою работу.",studying,1,0,2025-09-09T07:11:10.333Z,2025-09-09T07:14:06.933Z,root,Root User
herausfinden,"Ich muss herausfinden, wer das war.","выяснять, узнавать","Мне нужно выяснить, кто это был.",studying,1,0,2025-09-09T07:11:10.333Z,2025-09-09T07:14:36.999Z,root,Root User
hinfallen,Er ist auf der Straße hingefallen.,падать,Он упал на улице.,studying,1,0,2025-09-09T07:11:10.333Z,2025-09-09T15:37:31.592Z,root,Root User
hineingehen,Er ging ins Haus hinein.,входить внутрь,Он вошёл в дом.,studying,2,0,2025-09-09T07:11:10.333Z,2025-09-09T15:37:47.727Z,root,Root User
hereinbitten,Sie bat ihn herein.,просить войти,Она попросила его войти.,studying,1,0,2025-09-09T07:11:10.333Z,2025-09-09T15:39:45.211Z,root,Root User
aufrufen,Die App ruft ständig meine Standortdaten auf.,"Вызывать, обращаться",Приложение постоянно запрашивает данные о моём местоположении.,studying,3,0,2025-09-09T07:11:10.333Z,2025-09-09T15:39:40.414Z,root,Root User
heben,Er konnte den schweren Stein nicht heben.,поднимать,Он не мог поднять тяжёлый камень.,studying,0,1,2025-09-09T07:11:10.333Z,2025-09-09T15:37:13.302Z,root,Root User
mitgeben,Ich habe ihm etwas Geld für die Reise mitgegeben.,давать с собой,Я дал ему немного денег на дорогу.,studying,2,0,2025-09-09T07:11:10.333Z,2025-09-09T15:39:37.784Z,root,Root User
auffallen,"Mir ist aufgefallen, dass er heute sehr müde aussieht.","Замечать, бросаться в глаза","Я заметил, что сегодня он выглядит очень уставшим.",studying,0,0,2025-09-09T07:16:16.603Z,,Kate,Kate
feststehen,"Es steht fest, dass wir uns am Freitag treffen.","Быть решённым, быть установленным","Решено, что мы встретимся в пятницу.",studying,0,0,2025-09-09T07:16:16.603Z,,Kate,Kate
besitzen,Unsere Nachbarn besitzen einen großen Hund.,"Владеть, обладать",Наши соседи владеют большой собакой.,studying,0,0,2025-09-09T07:16:16.603Z,,Kate,Kate
beitragen,Dieses Buch trägt zur Forschung bei.,"Вносить вклад, способствовать",Эта книга вносит вклад в исследование.,studying,0,0,2025-09-09T07:16:16.603Z,,Kate,Kate
eintragen,Du musst dich in die Liste eintragen.,"Вносить, вписывать",Ты должен вписаться в список.,studying,0,0,2025-09-09T07:16:16.603Z,,Kate,Kate
entstehen,Wie ist dieses Problem entstanden?,"Возникать, появляться",Как возникла эта проблема?,studying,0,0,2025-09-09T07:16:16.603Z,,Kate,Kate
erziehen,Man muss die Kinder zu Respekt erziehen.,Воспитывать,Нужно воспитывать в детях уважение.,studying,0,0,2025-09-09T07:16:16.603Z,,Kate,Kate
einblenden,Der Nachrichtensprecher wird gleich eine Grafik einblenden.,"Вставлять (на экран), включать",Диктор новостей сейчас покажет график.,studying,0,0,2025-09-09T07:16:16.603Z,,Kate,Kate
einreiben,Reib die Salbe auf die betroffene Stelle ein.,Втирать,Вотри мазь в поражённое место.,studying,0,0,2025-09-09T07:16:16.603Z,,Kate,Kate
betreten,Der Hund darf das Haus nicht betreten.,"Входить, ступать",Собаке нельзя входить в дом.,studying,0,0,2025-09-09T07:16:16.603Z,,Kate,Kate
ausladen,"Kannst du mir helfen, die Einkäufe auszuladen?","Выгружать, разгружать",Ты можешь помочь мне разгрузить покупки?,studying,0,0,2025-09-09T07:16:16.603Z,,Kate,Kate
aushalten,"Er musste aushalten, dass man über ihn lachte.","Выдерживать, терпеть","Ему пришлось терпеть, что над ним смеялись.",studying,0,0,2025-09-09T07:16:16.603Z,,Kate,Kate
brennen,Die Kerze brennt bis zum Ende.,Гореть,Свеча горит до конца.,studying,0,0,2025-09-09T07:16:16.603Z,,Kate,Kate
festhalten,"Ich halte mich am Geländer fest, damit ich nicht falle.","Удерживать, держаться","Я держусь за перила, чтобы не упасть.",studying,0,0,2025-09-09T07:16:16.603Z,,Kate,Kate
beweisen,"Er hat bewiesen, dass er ein guter Koch ist.",Доказывать,"Он доказал, что он хороший повар.",studying,0,0,2025-09-09T07:16:16.603Z,,Kate,Kate
die Leistung,Wir sind mit der Leistung des Motors sehr zufrieden.,"Мощность, производительность",Мы очень довольны мощностью двигателя.,studying,0,0,2025-09-09T07:16:16.603Z,,Kate,Kate
sich verlaufen,Wir haben uns im Wald verlaufen.,Заблудиться,Мы заблудились в лесу.,studying,0,0,2025-09-09T07:16:16.603Z,,Kate,Kate
aufhalten,Ein Schneesturm hielt den Verkehr auf.,Задерживать,Снежная буря задержала движение.,studying,0,0,2025-09-09T07:16:16.603Z,,Kate,Kate
begraben,Sie haben den Hund im Garten begraben.,"Закапывать, хоронить",Они похоронили собаку в саду.,studying,0,0,2025-09-09T07:16:16.603Z,,Kate,Kate
erfinden,Kinder erfinden gerne Geschichten.,Изобретать,Дети любят придумывать истории.,studying,0,0,2025-09-09T07:16:16.603Z,,Kate,Kate
ablaufen,Der Pass ist abgelaufen.,"Истекать (о сроке), протекать",Срок действия паспорта истёк.,studying,0,0,2025-09-09T07:16:16.603Z,,Kate,Kate
verschwinden,Mein Schlüssel ist spurlos verschwunden.,Исчезать,Мой ключ бесследно исчез.,studying,0,0,2025-09-09T07:16:16.603Z,,Kate,Kate
betreffen,Die neue Regelung betrifft alle Mitarbeiter.,"Касаться, относиться",Новое правило касается всех сотрудников.,studying,0,0,2025-09-09T07:16:16.603Z,,Kate,Kate
genießen,Ich sitze im Garten und genieße die Ruhe.,Наслаждаться,Я сижу в саду и наслаждаюсь тишиной.,studying,0,0,2025-09-09T07:16:16.603Z,,Kate,Kate
einstellen,Die Fabrik wird die Produktion einstellen.,"Прекращать, настраивать",Фабрика прекратит производство.,studying,0,0,2025-09-09T07:16:16.603Z,,Kate,Kate
anfangen,Der Film fängt in fünf Minuten an.,Начинать(ся),Фильм начинается через пять минут.,studying,0,0,2025-09-09T07:16:16.603Z,,Kate,Kate
ansprechen,Ich werde ihn morgen darauf ansprechen.,"Заговаривать, обращаться",Я поговорю с ним об этом завтра.,studying,0,0,2025-09-09T07:16:16.603Z,,Kate,Kate
besprechen,Wir müssen das Thema im Meeting besprechen.,Обсуждать,Мы должны обсудить эту тему на совещании.,studying,0,0,2025-09-09T07:16:16.603Z,,Kate,Kate
die Gefahren,Man muss sich vor den Gefahren des Internets schützen.,Опасности,Нужно защищаться от опасностей интернета.,studying,0,0,2025-09-09T07:16:16.603Z,,Kate,Kate
anhalten,"Die Regierung hat angehalten, sparsam mit Wasser umzugehen.","Призывать, останавливать(ся)",Правительство призвало экономно расходовать воду.,studying,0,0,2025-09-09T07:16:16.603Z,,Kate,Kate
aufschieben,Er hat die Bezahlung der Rechnung immer wieder aufgeschoben.,Откладывать,Он снова и снова откладывал оплату счета.,studying,0,0,2025-09-09T07:16:16.603Z,,Kate,Kate
aufschließen,Hast du den Schrank aufgeschlossen?,Открывать (ключом),Ты открыл шкаф?,studying,0,0,2025-09-09T07:16:16.603Z,,Kate,Kate
aufschlagen,"Ich habe mein Knie aufgeschlagen, als ich gestürzt bin.","Открывать (книгу), расшибать","Я разбил колено, когда упал.",studying,0,0,2025-09-09T07:16:16.603Z,,Kate,Kate
ausfallen,Der Zug ist wegen eines technischen Defekts ausgefallen.,"Отменяться, выпадать",Поезд был отменён из-за технической неисправности.,studying,0,0,2025-09-09T07:16:16.603Z,,Kate,Kate
sich beziehen,Mein Brief bezieht sich auf unser letztes Gespräch.,"Относиться, ссылаться",Моё письмо относится к нашему последнему разговору.,studying,0,0,2025-09-09T07:16:16.603Z,,Kate,Kate
die Beziehung,Die Beziehung zwischen den Ländern hat sich verbessert.,"Отношение, связь",Отношения между странами улучшились.,studying,0,0,2025-09-09T07:16:16.603Z,,Kate,Kate
biegen,"Das Schild sagt, dass wir hier rechts biegen müssen.","Поворачивать, сгибать","Табличка гласит, что мы должны здесь повернуть направо.",studying,0,0,2025-09-09T07:16:16.603Z,,Kate,Kate
ansteigen,Die Temperatur wird morgen stark ansteigen.,"Повышаться, расти",Завтра температура сильно поднимется.,studying,0,0,2025-09-09T07:16:16.603Z,,Kate,Kate
erhalten,Er erhält ein hohes Gehalt für seine Arbeit.,Получать,Он получает высокую зарплату за свою работу.,studying,0,0,2025-09-09T07:16:16.603Z,,Kate,Kate
(sich) ergeben,Aus der Rechnung ergab sich ein Fehler.,"Вытекать, следовать (из чего-то)",Из счёта следовала ошибка.,studying,0,0,2025-09-09T07:16:16.603Z,,Kate,Kate
begreifen,"Er konnte nicht begreifen, wie die Magie funktionierte.","Понимать, осознавать","Он не мог понять, как работает магия.",studying,0,0,2025-09-09T07:16:16.603Z,,Kate,Kate
begreifen,"Es ist schwer, dieses Konzept zu begreifen.",Понимать,Это понятие сложно понять.,studying,0,0,2025-09-09T07:16:16.603Z,,Kate,Kate
eintreffen,Die Gäste werden gegen 18 Uhr eintreffen.,Прибывать,Гости прибудут около 18:00.,studying,0,0,2025-09-09T07:16:16.603Z,,Kate,Kate
sich ausdenken,Ich denke mir eine neue Geschichte aus.,Придумывать,Я придумываю новую историю.,studying,0,0,2025-09-09T07:16:16.603Z,,Kate,Kate
aufrufen,Die App ruft ständig meine Standortdaten auf.,"Вызывать, обращаться",Приложение постоянно запрашивает данные о моём местоположении.,studying,0,0,2025-09-09T07:16:16.603Z,,Kate,Kate
befehlen,"Der General befahl den Soldaten, vorzurücken.",Приказывать,Генерал приказал солдатам наступать.,studying,0,0,2025-09-09T07:16:16.603Z,,Kate,Kate
anwenden,Man sollte diese Salbe zweimal täglich anwenden.,Применять,Эту мазь следует применять дважды в день.,studying,0,0,2025-09-09T07:16:16.603Z,,Kate,Kate
empfangen,Sie hat die Gäste herzlich empfangen.,"Принимать, встречать",Она радушно встретила гостей.,studying,0,0,2025-09-09T07:16:16.603Z,,Kate,Kate
annehmen,"Wir nehmen an, dass das Projekt erfolgreich sein wird.","Принимать, предполагать","Мы предполагаем, что проект будет успешным.",studying,0,0,2025-09-09T07:16:16.603Z,,Kate,Kate
einfallen,Mir ist nichts mehr dazu eingefallen.,Приходить на ум,Мне больше ничего не пришло в голову по этому поводу.,studying,0,0,2025-09-09T07:16:16.603Z,,Kate,Kate
geschehen,Es ist ein Unglück geschehen.,"Происходить, случаться",Произошло несчастье.,studying,0,0,2025-09-09T07:16:16.603Z,,Kate,Kate
verzeihen,"Bitte verzeih mir, ich wollte das nicht.",Прощать,"Пожалуйста, прости меня, я не хотел этого.",studying,0,0,2025-09-09T07:16:16.603Z,,Kate,Kate
erschrecken,"Ich erschrecke, wenn jemand hinter mir steht.","Пугаться, испугаться","Я пугаюсь, когда кто-то стоит сзади.",studying,0,0,2025-09-09T07:16:16.603Z,,Kate,Kate
beschließen,Die Regierung hat ein neues Gesetz beschlossen.,"Принимать решение, постановлять",Правительство приняло новый закон.,studying,0,0,2025-09-09T07:16:16.603Z,,Kate,Kate
entscheiden,Er musste sich zwischen zwei Jobs entscheiden.,"Решать, принимать решение",Ему пришлось выбирать между двумя работами.,studying,0,0,2025-09-09T07:16:16.603Z,,Kate,Kate
die Entscheidung,Das war eine falsche Entscheidung.,Решение,Это было неправильное решение.,studying,0,0,2025-09-09T07:16:16.603Z,,Kate,Kate
bindenden,Eine mündliche Zusage ist nicht bindend.,"Обязательный, обязывающий",Устное обещание не является обязательным.,studying,0,0,2025-09-09T07:16:16.603Z,,Kate,Kate
aufgeben,Wir haben unsere Bestellung im Restaurant aufgegeben.,"Отказываться, сдаваться, заказывать",Мы сделали заказ в ресторане.,studying,0,0,2025-09-09T07:16:16.603Z,,Kate,Kate
das Ereignis,Die Hochzeit war ein sehr schönes Ereignis.,Событие,Свадьба была очень красивым событием.,studying,0,0,2025-09-09T07:16:16.603Z,,Kate,Kate
die Vereinbarung,Wir haben eine mündliche Vereinbarung getroffen.,"Соглашение, договоренность",Мы достигли устной договоренности.,studying,0,0,2025-09-09T07:16:16.603Z,,Kate,Kate
schaffen,Er schaffte die Prüfung ohne große Mühe.,"Создавать, справляться",Он сдал экзамен без особых усилий.,studying,0,0,2025-09-09T07:16:16.603Z,,Kate,Kate
betragen,Die Kosten betragen 100 Euro.,Составлять,Стоимость составляет 100 евро.,studying,0,0,2025-09-09T07:16:16.603Z,,Kate,Kate
behalten,Du kannst das Buch behalten.,"Сохранять, оставлять у себя",Ты можешь оставить книгу себе.,studying,0,0,2025-09-09T07:16:16.603Z,,Kate,Kate
ertrinken,Die kleine Katze wäre fast im Bach ertrunken.,Тонуть,Маленький котёнок чуть не утонул в ручье.,studying,0,0,2025-09-09T07:16:16.603Z,,Kate,Kate
ziehen,Er zog die Tür hinter sich zu.,Тянуть,Он закрыл дверь за собой.,studying,0,0,2025-09-09T07:16:16.603Z,,Kate,Kate
gelingen,"Es ist ihm gelungen, das schwierige Problem zu lösen.",Удаваться,Ему удалось решить сложную проблему.,studying,0,0,2025-09-09T07:16:16.603Z,,Kate,Kate
das Vergnügen,"Es ist ein Vergnügen, mit dir zu arbeiten.",Удовольствие,Работать с тобой — одно удовольствие.,studying,0,0,2025-09-09T07:16:16.603Z,,Kate,Kate
erfahre,"Er erfuhr, dass sein Freund verreist ist.","Узнавать, получать сведения","Он узнал, что его друг уехал.",studying,0,0,2025-09-09T07:16:16.603Z,,Kate,Kate
empfinden,"Ich empfinde große Freude, wenn ich Musik höre.","Ощущать, чувствовать","Я испытываю большую радость, когда слушаю музыку.",studying,0,0,2025-09-09T07:16:16.603Z,,Kate,Kate
nachgeben,Er konnte dem Druck nicht länger nachgeben.,"уступать, поддаваться",Он больше не мог поддаваться давлению.,studying,0,0,2025-09-09T07:16:16.603Z,,Kate,Kate
mitschreiben,Bitte schreiben Sie alles Wichtige mit.,записывать (следом),"Пожалуйста, запишите всё важное.",studying,0,0,2025-09-09T07:16:16.603Z,,Kate,Kate
heranbilden,Er will sich als Ingenieur heranbilden.,"формировать, обучать",Он хочет обучиться на инженера.,studying,0,0,2025-09-09T07:16:16.603Z,,Kate,Kate
messen,Wir müssen die Länge des Raumes messen.,измерять,Мы должны измерить длину комнаты.,studying,0,0,2025-09-09T07:16:16.603Z,,Kate,Kate
greifen,Sie griff nach seiner Hand.,"хватать, браться за что-то",Она схватила его за руку.,studying,0,0,2025-09-09T07:16:16.603Z,,Kate,Kate
gießen,Könntest du bitte die Blumen gießen?,"поливать, лить","Ты мог бы, пожалуйста, полить цветы?",studying,0,0,2025-09-09T07:16:16.603Z,,Kate,Kate
sich gleichen,Die beiden Brüder gleichen sich sehr.,быть похожим,Оба брата очень похожи друг на друга.,studying,0,0,2025-09-09T07:16:16.603Z,,Kate,Kate
hervorheben,Er wollte die Bedeutung dieses Punktes hervorheben.,"выделять, подчеркивать",Он хотел подчеркнуть важность этого пункта.,studying,0,0,2025-09-09T07:16:16.603Z,,Kate,Kate
herunterkommen,Das Haus ist ganz heruntergekommen.,"спускаться, приходить в упадок",Дом совсем пришёл в упадок.,studying,0,0,2025-09-09T07:16:16.603Z,,Kate,Kate
hinuntersehen,Er sah aus dem Fenster hinunter.,смотреть вниз,Он смотрел вниз из окна.,studying,0,0,2025-09-09T07:16:16.603Z,,Kate,Kate
halten,Kannst du mal kurz meine Tasche halten?,"держать, останавливать",Можешь подержать мою сумку?,studying,0,0,2025-09-09T07:16:16.603Z,,Kate,Kate
fortfahren,Bitte fahren Sie mit Ihrer Arbeit fort.,продолжать,"Пожалуйста, продолжайте свою работу.",studying,0,0,2025-09-09T07:16:16.603Z,,Kate,Kate
lügen,Er hat mich angelogen.,"лгать, обманывать",Он обманул меня.,studying,0,0,2025-09-09T07:16:16.603Z,,Kate,Kate
herunterladen,Ich muss die Software herunterladen.,"скачивать, загружать",Мне нужно скачать это программное обеспечение.,studying,0,0,2025-09-09T07:16:16.603Z,,Kate,Kate
genießen,Wir sollten das Leben in vollen Zügen genießen.,наслаждаться,Нам следует наслаждаться жизнью в полной мере.,studying,0,0,2025-09-09T07:16:16.603Z,,Kate,Kate
festhalten,"Halt dich gut fest, sonst fällst du!","держаться, удерживать","Держись крепко, иначе упадёшь!",studying,0,0,2025-09-09T07:16:16.603Z,,Kate,Kate
leihen,Kannst du mir dein Fahrrad leihen?,одалживать (у кого-то),Можешь одолжить мне свой велосипед?,studying,0,0,2025-09-09T07:16:16.603Z,,Kate,Kate
missfallen,Die Idee missfällt mir.,"не нравиться, вызывать неудовольствие",Эта идея мне не нравится.,studying,0,0,2025-09-09T07:16:16.603Z,,Kate,Kate
nachgehen,Ich muss der Sache auf den Grund nachgehen.,"следовать, расследовать",Мне нужно разобраться в этом деле до конца.,studying,0,0,2025-09-09T07:16:16.603Z,,Kate,Kate
hinbekommen,"Ich hoffe, ich kann das noch hinbekommen.","справиться, получить","Надеюсь, я смогу это ещё сделать.",studying,0,0,2025-09-09T07:16:16.603Z,,Kate,Kate
freihalten,Bitte halten Sie den Parkplatz frei.,держать свободным,"Пожалуйста, держите парковку свободной.",studying,0,0,2025-09-09T07:16:16.603Z,,Kate,Kate
fressen,Die Katze frisst ihr Futter.,жрать (о животных),Кошка ест свой корм.,studying,0,0,2025-09-09T07:16:16.603Z,,Kate,Kate
heben,Er konnte den schweren Stein nicht heben.,поднимать,Он не мог поднять тяжёлый камень.,studying,0,0,2025-09-09T07:16:16.603Z,,Kate,Kate
herausfinden,"Ich muss herausfinden, wer das war.","выяснять, узнавать","Мне нужно выяснить, кто это был.",studying,0,0,2025-09-09T07:16:16.603Z,,Kate,Kate
klingen,Das klingt gut!,звучать,Звучит хорошо!,studying,0,0,2025-09-09T07:16:16.603Z,,Kate,Kate
misslingen,Der Versuch ist leider misslungen.,не удаваться,"Попытка, к сожалению, не удалась.",studying,0,0,2025-09-09T07:16:16.603Z,,Kate,Kate
hinfallen,Er ist auf dem Eis hingefallen.,падать,Он упал на льду.,studying,0,0,2025-09-09T07:16:16.603Z,,Kate,Kate
gestehen,Er musste seine Schuld gestehen.,признаваться,Он должен был признать свою вину.,studying,0,0,2025-09-09T07:16:16.603Z,,Kate,Kate
hereinkommen,Bitte kommen Sie herein!,входить,"Пожалуйста, входите!",studying,0,0,2025-09-09T07:16:16.603Z,,Kate,Kate
hochgehen,Die Preise sind stark hochgegangen.,"подниматься, взрываться",Цены сильно поднялись.,studying,0,0,2025-09-09T07:16:16.603Z,,Kate,Kate
mitgeben,Ich habe ihm etwas Geld für die Reise mitgegeben.,давать с собой,Я дал ему немного денег на дорогу.,studying,0,0,2025-09-09T07:16:16.603Z,,Kate,Kate
fliehen,Der Dieb konnte fliehen.,"убегать, бежать",Вор смог убежать.,studying,0,0,2025-09-09T07:16:16.603Z,,Kate,Kate
hinweisen,Er wies auf einen Fehler in der Rechnung hin.,указывать,Он указал на ошибку в счёте.,studying,0,0,2025-09-09T07:16:16.603Z,,Kate,Kate
hinbekommen,Ich werde es schon hinbekommen.,"справиться, получить",Я с этим справлюсь.,studying,0,0,2025-09-09T07:16:16.603Z,,Kate,Kate
hinfallen,Er ist auf der Straße hingefallen.,падать,Он упал на улице.,studying,0,0,2025-09-09T07:16:16.603Z,,Kate,Kate
hervorheben,Der Architekt wollte die historische Bedeutung des Gebäudes hervorheben.,"выделять, подчеркивать",Архитектор хотел подчеркнуть историческое значение здания.,studying,0,0,2025-09-09T07:16:16.603Z,,Kate,Kate
hineinrufen,Er rief in den Wald hinein.,"кричать внутрь, окликать",Он крикнул в лес.,studying,0,0,2025-09-09T07:16:16.603Z,,Kate,Kate
geschehen,Was ist geschehen?,"происходить, случаться",Что случилось?,studying,0,0,2025-09-09T07:16:16.603Z,,Kate,Kate
gelten,Das Gesetz gilt für alle Bürger.,"действовать, быть действительным",Закон действует для всех граждан.,studying,0,0,2025-09-09T07:16:16.603Z,,Kate,Kate
hereinbitten,Sie bat ihn herein.,просить войти,Она попросила его войти.,studying,0,0,2025-09-09T07:16:16.603Z,,Kate,Kate
hinbekommen,"Ich hoffe, ich kann das noch hinbekommen.","справиться, получить","Надеюсь, я ещё смогу это сделать.",studying,0,0,2025-09-09T07:16:16.603Z,,Kate,Kate
hinkommen,Wie komme ich am besten zum Bahnhof hin?,добираться,Как мне лучше всего добраться до вокзала?,studying,0,0,2025-09-09T07:16:16.603Z,,Kate,Kate
hereinbitten,Sie bat ihn herein.,просить войти,Она попросила его войти.,studying,0,0,2025-09-09T07:16:16.603Z,,Kate,Kate
hineingehen,Er ging ins Haus hinein.,входить внутрь,Он вошёл в дом.,studying,0,0,2025-09-09T07:16:16.603Z,,Kate,Kate
hängen,Das Bild hängt an der Wand.,висеть,Картина висит на стене.,studying,0,0,2025-09-09T07:16:16.603Z,,Kate,Kate
hinausgehen,Gehen Sie hinaus und genießen Sie die Sonne!,выходить наружу,Выходите на улицу и наслаждайтесь солнцем!,studying,0,0,2025-09-09T07:16:16.603Z,,Kate,Kate
klingen,Seine Stimme klang müde.,звучать,Его голос звучал устало.,studying,0,0,2025-09-09T07:16:16.603Z,,Kate,Kate
mitsprechen,Jeder sollte bei der Diskussion mitsprechen dürfen.,участвовать в разговоре,Каждый должен иметь право высказаться в дискуссии.,studying,0,0,2025-09-09T07:16:16.603Z,,Kate,Kate
leien,Er hat mir sein Buch geliehen.,одалживать (кому-то),Он одолжил мне свою книгу.,studying,0,0,2025-09-09T07:16:16.603Z,,Kate,Kate
schnell,Der Zug fährt sehr schnell.,быстро,Поезд едет очень быстро.,studying,0,0,2025-09-09T11:51:05.572Z,,Mike,Mike
das Buch,Ich lese ein interessantes Buch über Geschichte.,книга,Я читаю интересную книгу по истории.,studying,0,0,2025-09-09T11:51:05.572Z,,Mike,Mike
vergessen,Ich habe meinen Schlüssel zu Hause vergessen.,забывать,Я забыл свой ключ дома.,studying,0,0,2025-09-09T11:51:05.572Z,,Mike,Mike
der Himmel,Am Abend wird der Himmel rot.,небо,Вечером небо становится красным.,studying,0,0,2025-09-09T11:51:05.572Z,,Mike,Mike
helfen,Kann ich dir helfen?,помогать,Я могу тебе помочь?,studying,0,0,2025-09-09T11:51:05.572Z,,Mike,Mike
der Traum,Ich hatte einen seltsamen Traum heute Nacht.,сон (сновидение),Сегодня ночью мне приснился странный сон.,studying,0,0,2025-09-09T11:51:05.572Z,,Mike,Mike
die Angst,Das Kind hat Angst im Dunkeln.,"страх, боязнь",Ребенок боится темноты.,studying,0,0,2025-09-09T11:51:05.572Z,,Mike,Mike
der Freund,Mein bester Freund wohnt in Berlin.,друг,Мой лучший друг живет в Берлине.,studying,0,0,2025-09-09T11:51:05.572Z,,Mike,Mike
Слово на немецком,Пример использования на немецком,Перевод слова на русский,Перевод примера использования на русский,studying,0,0,2025-09-09T11:51:05.572Z,,Mike,Mike
die Brücke,Die alte Brücke über den Fluss ist sehr schön.,мост,Старый мост через реку очень красивый.,studying,0,0,2025-09-09T11:51:05.572Z,,Mike,Mike
laut,Der Unterricht beginnt um halb neun.,половина,Урок начинается в половине девятого.,studying,0,0,2025-09-09T11:51:05.572Z,,Mike,Mike